"id","name","description","invoice_label","amount","amount_type","sequence","type_tax_use","tax_scope","include_base_amount","tax_group_id","price_include","active","tax_exigibility","cash_basis_transition_account_id","repartition_line_ids/factor_percent","repartition_line_ids/repartition_type","repartition_line_ids/document_type","repartition_line_ids/account_id","repartition_line_ids/tag_ids","description@fr"
"tva_acq_normale","20% G","20% Goods","TVA 20%","20.0","percent","9","purchase","consu","1","tax_group_tva_20","","","","","100","base","invoice","","","20% M"
"","","","","","","","","","","","","","","","100","tax","invoice","pcg_44560","",""
"","","","","","","","","","","","","","","","100","base","refund","","",""
"","","","","","","","","","","","","","","","100","tax","refund","pcg_44560","",""
"tva_purchase_good_fuel","20% F","20% Fuels","TVA 20%","20.0","percent","9","purchase","consu","1","tax_group_tva_20","","","","","100","base","invoice","","","20% Carburant"
"","","","","","","","","","","","","","","","80","tax","invoice","pcg_44560","",""
"","","","","","","","","","","","","","","","20","tax","invoice","","",""
"","","","","","","","","","","","","","","","100","base","refund","","",""
"","","","","","","","","","","","","","","","80","tax","refund","pcg_44560","",""
"","","","","","","","","","","","","","","","20","tax","refund","","",""
"tva_purchase_good_fuel_TTC","20% F INC","20% fuel tax incl.","TVA 20%","20.0","percent","9","purchase","consu","1","tax_group_tva_20","True","","","","100","base","invoice","","","20% Carburant TTC"
"","","","","","","","","","","","","","","","80","tax","invoice","pcg_44560","",""
"","","","","","","","","","","","","","","","20","tax","invoice","","",""
"","","","","","","","","","","","","","","","100","base","refund","","",""
"","","","","","","","","","","","","","","","80","tax","refund","pcg_44560","",""
"","","","","","","","","","","","","","","","20","tax","refund","","",""
"tva_acq_normale_TTC","20% G INC","20% Goods tax incl.","TVA 20%","20.0","percent","10","purchase","consu","","tax_group_tva_20","True","","","","100","base","invoice","","","20% M TTC"
"","","","","","","","","","","","","","","","100","tax","invoice","pcg_44560","",""
"","","","","","","","","","","","","","","","100","base","refund","","",""
"","","","","","","","","","","","","","","","100","tax","refund","pcg_44560","",""
"tva_imm_normale","20% R E ","20% real estate","TVA 20%","20.0","percent","10","purchase","consu","1","tax_group_tva_20","","","","","100","base","invoice","","","20% Immo"
"","","","","","","","","","","","","","","","100","tax","invoice","pcg_44562","",""
"","","","","","","","","","","","","","","","100","base","refund","","",""
"","","","","","","","","","","","","","","","100","tax","refund","pcg_44562","",""
"tva_purchase_service_20_import","20% EX","20% IMPORT","TVA 20%","20.0","percent","10","purchase","service","1","tax_group_tva_20","","","","","100","base","invoice","","","20% Import"
"","","","","","","","","","","","","","","","100","tax","invoice","pcg_44560","",""
"","","","","","","","","","","","","","","","-100","tax","invoice","pcg_4454","",""
"","","","","","","","","","","","","","","","100","base","refund","","",""
"","","","","","","","","","","","","","","","100","tax","refund","pcg_44560","",""
"","","","","","","","","","","","","","","","-100","tax","refund","pcg_4454","",""
"tva_purchase_service_0","0% EX","0% EXO","TVA 0%","0.0","percent","10","purchase","service","1","tax_group_tva_0","","","on_invoice","pcg_44572","100","base","invoice","","","0% EXO"
"","","","","","","","","","","","","","","","100","tax","invoice","","",""
"","","","","","","","","","","","","","","","100","base","refund","","",""
"","","","","","","","","","","","","","","","100","tax","refund","","",""
"tva_acq_encaissement","20% S","20% Service","TVA 20%","20.0","percent","10","purchase","service","1","tax_group_tva_20","","","on_payment","pcg_44563","100","base","invoice","","","20% Service"
"","","","","","","","","","","","","","","","100","tax","invoice","pcg_44560","",""
"","","","","","","","","","","","","","","","100","base","refund","","",""
"","","","","","","","","","","","","","","","100","tax","refund","pcg_44560","",""
"tva_acq_encaissement_TTC","20% S INC","20% Service tax incl.","VAT 20%","20.0","percent","10","purchase","service","","tax_group_tva_20","True","","on_payment","pcg_44563","100","base","invoice","","","20% Service TTC"
"","","","","","","","","","","","","","","","100","tax","invoice","pcg_44560","",""
"","","","","","","","","","","","","","","","100","base","refund","","",""
"","","","","","","","","","","","","","","","100","tax","refund","pcg_44560","",""
"tva_purchase_imm_normale","20% R E","20% real estate","TVA 20%","20.0","percent","10","purchase","service","1","tax_group_tva_20","","","on_payment","pcg_44563","100","base","invoice","","","20% Immo"
"","","","","","","","","","","","","","","","100","tax","invoice","pcg_44562","",""
"","","","","","","","","","","","","","","","100","base","refund","","",""
"","","","","","","","","","","","","","","","100","tax","refund","pcg_44562","",""
"tva_normale","20% G","20% Goods","TVA 20%","20.0","percent","10","sale","consu","1","tax_group_tva_20","","","","","100","base","invoice","","","20% M"
"","","","","","","","","","","","","","","","100","tax","invoice","pcg_44571","",""
"","","","","","","","","","","","","","","","100","base","refund","","",""
"","","","","","","","","","","","","","","","100","tax","refund","pcg_44571","",""
"tva_normale_ttc","20% G INC","20% Goods tax incl.","TVA 20%","20.0","percent","10","sale","consu","","tax_group_tva_20","True","0","","","100","base","invoice","","","20% M TTC"
"","","","","","","","","","","","","","","","100","tax","invoice","pcg_44571","",""
"","","","","","","","","","","","","","","","100","base","refund","","",""
"","","","","","","","","","","","","","","","100","tax","refund","pcg_44571","",""
"tva_sale_good_0","0% EXEMPT G","0% EXO","TVA 0%","0.0","percent","10","sale","consu","1","tax_group_tva_0","","","","","100","base","invoice","","","0% EXO"
"","","","","","","","","","","","","","","","100","tax","invoice","","",""
"","","","","","","","","","","","","","","","100","base","refund","","",""
"","","","","","","","","","","","","","","","100","tax","refund","","",""
"tva_sale_good_export_0","0% EX G","0% EXPORT","TVA 0%","0.0","percent","10","sale","consu","1","tax_group_tva_0","","","","","100","base","invoice","","","0% EXPORT"
"","","","","","","","","","","","","","","","100","tax","invoice","","",""
"","","","","","","","","","","","","","","","100","base","refund","","",""
"","","","","","","","","","","","","","","","100","tax","refund","","",""
"tva_normale_encaissement","20% S","20% Service","TVA 20%","20.0","percent","10","sale","service","1","tax_group_tva_20","","","on_payment","pcg_44572","100","base","invoice","","","20% Service"
"","","","","","","","","","","","","","","","100","tax","invoice","pcg_44571","",""
"","","","","","","","","","","","","","","","100","base","refund","","",""
"","","","","","","","","","","","","","","","100","tax","refund","pcg_44571","",""
"tva_normale_encaissement_ttc","20% S INC","20% Service tax incl.","TVA 20%","20.0","percent","10","sale","service","","tax_group_tva_20","True","0","on_payment","pcg_4458","100","base","invoice","","","20% Service TTC"
"","","","","","","","","","","","","","","","100","tax","invoice","pcg_44571","",""
"","","","","","","","","","","","","","","","100","base","refund","","",""
"","","","","","","","","","","","","","","","100","tax","refund","pcg_44571","",""
"tva_sale_service_0","0% EXEMPT S","0% EXEMPTS Service","TVA 0%","0.0","percent","10","sale","service","1","tax_group_tva_0","","","on_payment","pcg_44572","100","base","invoice","","","0% EXO"
"","","","","","","","","","","","","","","","100","tax","invoice","","",""
"","","","","","","","","","","","","","","","100","base","refund","","",""
"","","","","","","","","","","","","","","","100","tax","refund","","",""
"tva_sale_service_export_0","0% EX S","0% EXPORT Service","TVA 0%","0.0","percent","10","sale","service","1","tax_group_tva_0","","","","pcg_44572","100","base","invoice","","","0% EXPORT"
"","","","","","","","","","","","","","","","100","tax","invoice","","",""
"","","","","","","","","","","","","","","","100","base","refund","","",""
"","","","","","","","","","","","","","","","100","tax","refund","","",""
"tva_import_20","20% IMPORT","20% import","TVA 20%","20.0","percent","11","purchase","consu","1","tax_group_tva_20","","","","","100","base","invoice","","","20% Import"
"","","","","","","","","","","","","","","","100","tax","invoice","pcg_44560","",""
"","","","","","","","","","","","","","","","-100","tax","invoice","pcg_44560","",""
"","","","","","","","","","","","","","","","100","base","refund","","",""
"","","","","","","","","","","","","","","","100","tax","refund","pcg_44560","",""
"","","","","","","","","","","","","","","","-100","tax","refund","pcg_44560","",""
"taxe_sejour","Taxe de séjour","Taxe de séjour","Taxe de séjour","15000","fixed","20","sale","consu","1","tax_group_local","","","","","100","base","invoice","","","Taxe de séjour"
"","","","","","","","","","","","","","","","100","tax","invoice","pcg_447","",""
"","","","","","","","","","","","","","","","100","base","refund","","",""
"","","","","","","","","","","","","","","","100","tax","refund","pcg_447","",""
"vignette_touristique","Vignette Touristique","Vignette Touristique","Vignette Touristique","7500","fixed","21","sale","consu","1","tax_group_local","","","","","100","base","invoice","","","Vignette Touristique"
"","","","","","","","","","","","","","","","100","tax","invoice","pcg_447","",""
"","","","","","","","","","","","","","","","100","base","refund","","",""
"","","","","","","","","","","","","","","","100","tax","refund","pcg_447","",""