"id","name","code","account_type","tag_ids","reconcile","name@fr"
"pcg_1011","Subscribed capital - uncalled","101100","equity","","False","Capital souscrit - non appelé"
"pcg_1012","Subscribed capital - called up, unpaid","101200","equity","","False","Capital souscrit - appelé non versé"
"pcg_1013","Subscribed capital - called up, paid","101300","equity","","False","Capital souscrit - appelé versé"
"pcg_1041","Share premiums","104100","equity","","False","Primes d'émission"
"pcg_1042","Merger premiums","104200","equity","","False","Primes de fusion"
"pcg_1043","Contribution premiums","104300","equity","","False","Primes d'apport"
"pcg_1044","Premiums on conversion of bonds into shares","104400","equity","","False","Primes de conversion d'obligations en actions"
"pcg_1052","Voluntary revaluation difference","105200","equity","","False","Ecart de réévaluation libre"
"pcg_1058","Other revaluation differences outside France","105800","equity","","False","Autre écart de réévaluation à l'étranger"
"pcg_1061","Legal reserve","106100","equity","","False","Réserve légale"
"pcg_1062","Undistributable reserves","106200","equity","","False","Réserves facultatives"
"pcg_1063","Statutory or contractual reserves","106300","equity","","False","Réserves statutaires ou concratuelles"
"pcg_1064","Tax-regulated reserves","106400","equity","","False","Réserves réglementées"
"pcg_1068","Other reserves","106800","equity","","False","Autres réserves"
"pcg_107","Difference on equity accounted investments","107000","equity","","False","Ecart d'équivalence"
"pcg_108","Drawings account","108000","equity","","False","Compte de l'exploitant"
"pcg_109","Shareholders: Subscribed capital uncalled","109000","equity","","False","Actionnaires, capital souscrit non appelé"
"pcg_110","Profit carried forward","110000","equity","","False","Report à nouveau solde créditeur"
"pcg_119","Loss carried forward","119000","equity","","False","Report à nouveau solde débiteur"
"pcg_120","Profit for the financial year","120000","equity","","False","Résultat de l'exercice (bénéfice)"
"pcg_128","Résultat en instance d'affectation","128000","equity_unaffected","","False","Résultat en instance d'affectation"
"pcg_129","Loss for the financial year","129000","equity","","False","Résultat de l'exercice (perte)"
"pcg_1311","Equipment grants - State","131100","equity","","False","Subvention d'équipement - Etat"
"pcg_1312","Equipment grants - Regions","131200","equity","","False","Subvention d'équipement - Régions"
"pcg_1313","Equipment grants - Departments","131300","equity","","False","Subvention d'équipement - Départements"
"pcg_1314","Equipment grants - Municipalities","131400","equity","","False","Subvention d'équipement - Communes"
"pcg_1315","Equipment grants - Public authorities","131500","equity","","False","Subvention d'équipement - Collectivités publiques"
"pcg_1316","Equipment grants - Public enterprises","131600","equity","","False","Subvention d'équipement - Entreprises publiques"
"pcg_1317","Equipment grants - Enterprises and private bodies","131700","equity","","False","Subvention d'équipement - Entreprises et organismes privés"
"pcg_1318","Equipment grants - Other","131800","equity","","False","Subvention d'équipement - Autres"
"pcg_132","Autres subventions d'investissement","132000","equity","","False","Autres subventions d'investissement"
"pcg_133","Impôts différés actif","133000","asset_current","","False","Impôts différés actif"
"pcg_134","Impôts différés passif","134000","asset_current","","False","Impôts différés passif"
"pcg_138","Other investment grants (same allocation as for Account 131)","138000","equity","","False","Autres produits et charges différés "
"pcg_153","Provisions for pensions and similar obligations","153000","liability_current","","False","Provisions pour pensions et obligations similaires"
"pcg_155","Provisions for taxation","155000","liability_current","","False","Provisions pour impôts "
"pcg_156","Provisions for fixed asset renewal (concession entities)","156000","liability_current","","False","Provisions pour renouvellement des immobilisations (concession)"
"pcg_158","Autres provisions pour charges - passifs non courants","158000","liability_current","","False","Autres provisions pour charges - passifs non courants"
"pcg_161","Convertible debenture loans","161000","liability_current","","False","Emprunts obligataires convertibles"
"pcg_163","Other debenture loans","163000","liability_current","","False","Autres emprunts obligataires"
"pcg_1641","Emprunts à LT à plus d'un an","164100","liability_current","","False","Emprunts à LT à plus d'un an"
"pcg_1642","Emprunts à MT à moins d'un an","164200","liability_current","","False","Emprunts à MT à moins d'un an"
"pcg_165","Dépôts et cautionnements reçus","165000","liability_current","","False","Dépôts et cautionnements reçus"
"pcg_167","Dettes sur contrat de location-financement","167000","liability_current","","False","Dettes sur contrat de location-financement"
"pcg_1681","Other loans and similar debts payable - Other loans","168100","liability_current","","False","Autres emprunts"
"pcg_1688","Accrued interest","168800","liability_current","","False","Intérêts courus"
"pcg_169","Debt redemption premiums","169000","asset_current","","False","Primes de remboursement des obligations"
"pcg_171","Debts payable related to participating interests (group)","171000","liability_current","","False","Dettes rattachées à des participations groupe"
"pcg_172","Dettes rattachées à des participations hors groupe","172000","asset_current","","False","Dettes rattachées à des participations hors groupe"
"pcg_173","Dettes rattachées à des sociétés en participation","173000","asset_current","","False","Dettes rattachées à des sociétés en participation"
"pcg_1781","Debts payable related to joint ventures - Principal","178100","liability_current","","False","Principal"
"pcg_1788","Debts payable related to joint ventures - Accrued interest","178800","liability_current","","False","Intérêts courus"
"pcg_181","Reciprocal branch accounts","181000","liability_current","","False","Comptes de liaison entre établissements"
"pcg_188","Reciprocal joint venture accounts","188000","liability_current","","False","Comptes de liaison entre sociétés en participation"
"pcg_203","Intangible fixed assets - Research and development costs","203000","asset_fixed","","False","Immo Incorp: Frais de développement immobilisables"
"pcg_204","Immo Incorp: Logiciels informatiques et assimilés","204000","asset_fixed","","False","Immo Incorp: Logiciels informatiques et assimilés"
"pcg_205","Intangible fixed assets - Concessions and similar rights, patents, licences, trade marks, processes, software, rights and similar assets","205000","asset_fixed","","False","Immo Incorp: Concessions et droits similaires, brevets, licences, marques"
"pcg_207","Intangible fixed assets - Goodwill","207000","asset_fixed","","False","Immo Incorp: Fonds commercial"
"pcg_208","Other intangible fixed assets","208000","asset_fixed","","False","Autres immobilisations incorporelles"
"pcg_211","Immo Corp: Terrains","211000","asset_fixed","","False","Immo Corp: Terrains"
"pcg_212","Intangible fixed assets - Site development (same allocation as for Account 211)","212000","asset_fixed","","False","Immo Corp: Agencements et aménagements de terrain"
"pcg_2131","Buildings","213100","asset_fixed","","False","Bâtiments"
"pcg_2135","Intangible fixed assets - Building fixtures and fittings (same allocation as for Account 2131)","213500","asset_fixed","","False","Constructions - Installations générales, agencements, aménagements"
"pcg_2151","Installations complexes spécialisées","215100","asset_fixed","","False","Installations complexes spécialisées"
"pcg_2154","Intangible fixed assets - Plant and machinery","215400","asset_fixed","","False","Matériel industriel"
"pcg_2155","Intangible fixed assets - Equipment and fixtures","215500","asset_fixed","","False","Outillage industriel"
"pcg_2157","Intangible fixed assets - Fixtures and fittings for plant and machinery, equipment and fixtures","215700","asset_fixed","","False","Agencements et aménagements du matériel et outillage industriel"
"pcg_2181","Intangible fixed assets - Sundry general fixtures and fittings","218100","asset_fixed","","False","Installations générales, agencements, aménagements"
"pcg_2182","Intangible fixed assets - Transport equipment","218200","asset_fixed","","False","Matériel de transport"
"pcg_2183","Intangible fixed assets - Office and computing equipment","218300","asset_fixed","","False","Matériel de bureau et matériel informatique"
"pcg_2184","Intangible fixed assets - Furnishings","218400","asset_fixed","","False","Mobilier"
"pcg_2185","Intangible fixed assets - Livestock","218500","asset_fixed","","False","Cheptel"
"pcg_2186","Intangible fixed assets - Recoverable packaging","218600","asset_fixed","","False","Matériel d'emballage"
"pcg_221","Terrains en concession","221000","asset_fixed","","False","Terrains en concession"
"pcg_222","Agencements et aménagements de terrain en concession","222000","asset_fixed","","False","Agencements et aménagements de terrain en concession"
"pcg_223","Constructions en concession","223000","asset_fixed","","False","Constructions en concession"
"pcg_225","Installations techniques en concession","225000","asset_fixed","","False","Installations techniques en concession"
"pcg_228","Autres immobilisations corporelles en concession","228000","asset_fixed","","False","Autres immobilisations corporelles en concession"
"pcg_229","Droits du concédant ","229000","asset_fixed","","False","Droits du concédant "
"pcg_232","Intangible fixed assets in progress","232000","asset_fixed","","False","Immobilisations corporelles en cours"
"pcg_237","Payments on account on intangible fixed assets","237000","asset_fixed","","False","Immobilisations incorporelles en cours"
"pcg_238","Avances et acomptes versés sur commandes d'immobilisations ","238000","asset_fixed","","False","Avances et acomptes versés sur commandes d'immobilisations "
"pcg_2611","Long-term equity interests - Shares","261100","asset_fixed","","False","Titres de participation - Actions"
"pcg_2612","Titres de participation - Autres titres","261200","asset_fixed","","False","Titres de participation - Autres titres"
"pcg_2618","Other securities","261800","asset_fixed","","False","Titres de participation - Intérêts courus"
"pcg_262","Autres formes de participations","262000","asset_fixed","","False","Autres formes de participations"
"pcg_265","Titres de participation évalués par équivalence","265000","asset_fixed","","False","Titres de participation évalués par équivalence"
"pcg_266","Other categories of participating interest","266000","asset_fixed","","False","Créances rattachées à des participations groupe"
"pcg_2671","Debts receivable related to participating interests (group)","267100","asset_fixed","","False","Créances rattachées à des participations (groupe)"
"pcg_2674","Debts receivable related to participating interests (apart from group)","267400","asset_fixed","","False","Créances rattachées à des participations (hors groupe)"
"pcg_268","Créances rattachées à des sociétés en participation","268000","asset_fixed","","False","Créances rattachées à des sociétés en participation"
"pcg_269","Unpaid instalments on unpaid long-term equity interests","269000","asset_fixed","","False","Versements restant à effectuer sur titres de participation non libérés"
"pcg_2711","Long-term investment equity securities other than portfolio long-term investment equity securities - Shares","271100","asset_fixed","","False","Titres immobilisés hors portefeuille: Actions"
"pcg_2712","Titres immobilisés hors portefeuille: Autres titres","271200","asset_fixed","","False","Titres immobilisés hors portefeuille: Autres titres"
"pcg_272","Titres représentatifs de droit de créance (obligations, bons)","272000","asset_fixed","","False","Titres représentatifs de droit de créance (obligations, bons)"
"pcg_273","Portfolio long-term investment securities","273000","asset_fixed","","False","Titres immobilisés de l'activité de portefeuille"
"pcg_2741","Participating loans","274100","asset_fixed","","False","Prêts à + d'un an : Prêts participatifs"
"pcg_2742","Loans to partners/associates","274200","asset_fixed","","False","Prêts à + d'un an : Prêts aux associés"
"pcg_2743","Loans to personnel","274300","asset_fixed","","False","Prêts à + d'un an : Prêts au personnel"
"pcg_2745","Prêts à LT","274500","asset_fixed","","False","Prêts à LT"
"pcg_2746","Prêts à CT","274600","asset_fixed","","False","Prêts à CT"
"pcg_2748","Other loans","274800","asset_fixed","","False","Autres prêts"
"pcg_2751","Deposits","275100","asset_fixed","","False","Dépôts et cautionnements versés (garantis)"
"pcg_276","Autres créances immobilisées","276000","asset_fixed","","False","Autres créances immobilisées"
"pcg_277","Actions propres (ou parts propres)","277000","asset_fixed","","False","Actions propres (ou parts propres)"
"pcg_279","Unpaid instalments on unpaid long-term investment securities","279000","asset_fixed","","False","Versements restant à effectuer sur titres immobilisés non libérés"
"pcg_2803","Depreciation on intangible fixed assets - Research and development costs","280300","asset_fixed","","False","Amortissements - Frais de développement immobilisables"
"pcg_2804","Amortissements - Logiciels informatiques et assimilés","280400","asset_fixed","","False","Amortissements - Logiciels informatiques et assimilés"
"pcg_2805","Depreciation on intangible fixed assets - Concessions and similar rights, patents, licences, software, rights and similar assets","280500","asset_fixed","","False","Amortissements - Concessions et droits similaires, brevets, licences, marques"
"pcg_2807","Depreciation on intangible fixed assets - Goodwill","280700","asset_fixed","","False","Amortissements - Fonds commercial"
"pcg_2808","Other intangible fixed assets","280800","asset_fixed","","False","Amortissements - Autres immobilisations incorporelles"
"pcg_2811","Amortissements - Terrains","281100","asset_fixed","","False","Amortissements - Terrains"
"pcg_2812","Depreciation on tangible fixed assets - Site development (same allocation as for Account 212)","281200","asset_fixed","","False","Amortissements - Agencements et aménagements de terrain"
"pcg_28131","Amortissements - Bâtiments","281310","asset_fixed","","False","Amortissements - Bâtiments"
"pcg_28135","Amortissements - Installations générales, agencements, aménagements","281350","asset_fixed","","False","Amortissements - Installations générales, agencements, aménagements"
"pcg_28151","Installations complexes spécialisées","281510","asset_fixed","","False","Installations complexes spécialisées"
"pcg_28154","Amortissements - Matériel industriel","281540","asset_fixed","","False","Amortissements - Matériel industriel"
"pcg_28155","Amortissements - Outillage industriel","281550","asset_fixed","","False","Amortissements - Outillage industriel"
"pcg_28157","Amortissements - Agencements et aménagements du matériel et outillage industriel","281570","asset_fixed","","False","Amortissements - Agencements et aménagements du matériel et outillage industriel"
"pcg_28181","Amortissements - Installations générales, agencements, aménagements","281810","asset_fixed","","False","Amortissements - Installations générales, agencements, aménagements"
"pcg_28182","Amortissements - Matériel de transport","281820","asset_fixed","","False","Amortissements - Matériel de transport"
"pcg_28183","Amortissements - Matériel de bureau et matériel informatique","281830","asset_fixed","","False","Amortissements - Matériel de bureau et matériel informatique"
"pcg_28184","Amortissements - Mobilier","281840","asset_fixed","","False","Amortissements - Mobilier"
"pcg_28185","Amortissements - Cheptel","281850","asset_fixed","","False","Amortissements - Cheptel"
"pcg_28186","Amortissements - Emballages récupérables","281860","asset_fixed","","False","Amortissements - Emballages récupérables"
"pcg_282","Depreciation on fixed assets in concession","282000","asset_fixed","","False","Amortissement des immobilisations mises en concession"
"pcg_290","Perte de valeur sur immobilisations incorporelles","290000","asset_fixed","","False","Perte de valeur sur immobilisations incorporelles"
"pcg_291","Perte de valeur sur immobilisations corporelles","291000","asset_fixed","","False","Perte de valeur sur immobilisations corporelles"
"pcg_292","Provisions for diminution in value of fixed assets in concession","292000","asset_fixed","","False","Dépréciation sur immobilisations mises en concession"
"pcg_293","Perte de valeur sur immobilisations en cours","293000","asset_fixed","","False","Perte de valeur sur immobilisations en cours"
"pcg_296","Perte de valeur sur participations et créances rattachées à participations","296000","asset_fixed","","False","Perte de valeur sur participations et créances rattachées à participations"
"pcg_297","Perte de valeur sur autres immobilisations financières","297000","asset_fixed","","False","Perte de valeur sur autres immobilisations financières"
"pcg_31","Matières premières et fournitures","310000","asset_current","","False","Matières premières et fournitures"
"pcg_321","Matières consommables","321000","asset_current","","False","Matières consommables"
"pcg_3221","Fuels","322100","asset_current","","False","Combustibles"
"pcg_3222","Cleaning products","322200","asset_current","","False","Produits d'entretiens"
"pcg_3223","Workshop and factory supplies","322300","asset_current","","False","Fournitures d'atelier et d'usine"
"pcg_3224","Store supplies","322400","asset_current","","False","Fournitures de magasin"
"pcg_3225","Office supplies","322500","asset_current","","False","Fournitures de bureau"
"pcg_3261","Non-returnable packaging","326100","asset_current","","False","Emballages perdues"
"pcg_3265","Unidentifiable recoverable packaging","326500","asset_current","","False","Emballages récupérables"
"pcg_331","Produits en cours","331000","asset_current","","False","Produits en cours"
"pcg_335","Travaux en cours","335000","asset_current","","False","Travaux en cours"
"pcg_341","Etudes en cours ","341000","asset_current","","False","Etudes en cours "
"pcg_345","Prestations de service en cours","345000","asset_current","","False","Prestations de service en cours"
"pcg_351","Stocks : Produits intermédiaires","351000","asset_current","","False","Stocks : Produits intermédiaires"
"pcg_355","Stocks : Produits finis","355000","asset_current","","False","Stocks : Produits finis"
"pcg_3581","Residual products - Waste","358100","asset_current","","False","Stocks : Déchets"
"pcg_3585","Residual products - Refuse","358500","asset_current","","False","Stocks : Rébuts"
"pcg_3586","Residual products - Recoverable materials","358600","asset_current","","False","Stocks : Matériels de récupération"
"pcg_37","Stocks de marchandises","370000","asset_current","","False","Stocks de marchandises"
"pcg_38","Stocks in transit","380000","asset_current","","False","Stocks à l'extérieur (en cours de route, en dépôt ou en consignation)"
"pcg_391","Pertes de valeur Matières premières et fournitures","391000","asset_current","","False","Pertes de valeur Matières premières et fournitures"
"pcg_3921","Provisions for depreciation of consumable materials (same allocation as for Account 321)","392100","asset_current","","False","Pertes de valeur - Matières consommables"
"pcg_39221","Pertes de valeur - Combustibles","392210","asset_current","","False","Pertes de valeur - Combustibles"
"pcg_39222","Pertes de valeur - Produits d'entretiens","392220","asset_current","","False","Pertes de valeur - Produits d'entretiens"
"pcg_39223","Pertes de valeur - Fournitures d'atelier et d'usine","392230","asset_current","","False","Pertes de valeur - Fournitures d'atelier et d'usine"
"pcg_39224","Pertes de valeur - Fournitures de magasin","392240","asset_current","","False","Pertes de valeur - Fournitures de magasin"
"pcg_39225","Pertes de valeur - Fournitures de bureau","392250","asset_current","","False","Pertes de valeur - Fournitures de bureau"
"pcg_3926","Provisions for depreciation of packaging (same allocation as for Account 326)","392600","asset_current","","False","Pertes de valeur - Emballages"
"pcg_393","Pertes de valeur En cours de production de biens","393000","asset_current","","False","Pertes de valeur En cours de production de biens"
"pcg_394","Pertes de valeur En cours de production de services","394000","asset_current","","False","Pertes de valeur En cours de production de services"
"pcg_395","Pertes de valeur stocks de produits ","395000","asset_current","","False","Pertes de valeur stocks de produits "
"pcg_397","Pertes de valeur Stocks de marchandises","397000","asset_current","","False","Pertes de valeur Stocks de marchandises"
"pcg_398","Pertes de valeur Stocks à l'extérieur ","398000","asset_current","","False","Pertes de valeur Stocks à l'extérieur "
"mg_pcg_pay","Suppliers - Purchase of goods and services","401100","liability_payable","","True","Fournisseurs Malagasy"
"pcg_4012","Fournisseurs Etranger","401200","liability_payable","","True","Fournisseurs Etranger"
"pcg_403","Suppliers - Bills payable","403000","liability_payable","","True","Fournisseurs effets à payer"
"pcg_404","Fournisseurs d'immobilisations","404000","liability_payable","","True","Fournisseurs d'immobilisations"
"pcg_405","Fixed asset suppliers - Bills payable","405000","liability_payable","","True","Fournisseurs d'immobilisations effets à payer"
"pcg_408","Fournisseurs factures non parvenues","408000","liability_current","","True","Fournisseurs factures non parvenues"
"pcg_4088","Suppliers - Invoices outstanding - Suppliers - Accrued interest","408800","liability_current","","True","Fournisseurs intérêts courus"
"pcg_4091","Suppliers in debit - Payments on account on orders","409100","asset_current","","True","Fournisseurs Avances et acomptes versés sur commandes"
"pcg_4096","Suppliers in debit - Debts receivable for returnable packaging andequipment","409600","asset_current","","True","Fournisseurs Créances pour emballage et matériel à rendre"
"pcg_4097","Fournisseurs Autres avoirs","409700","asset_current","","True","Fournisseurs Autres avoirs"
"pcg_4098","Suppliers in debit - Purchase rebates, discounts, allowances and other outstanding debits","409800","asset_current","","True","Rabais, remises, ristournes à obtenir et autres avoirs non encore reçus"
"mg_pcg_recv","Customers - Sales of goods or services","411100","asset_receivable","","True","Clients"
"mg_pcg_recv_pos","Customers - Sales of goods or services (PoS)","411101","asset_receivable","","True","Clients - Ventes de biens ou de prestations de services (PoS)"
"pcg_4112","Clients Etrangers","411200","asset_receivable","","True","Clients Etrangers"
"pcg_413","Customers - Bills receivable","413000","asset_receivable","","True","Clients effets à recevoir"
"pcg_414","Effets à l'encaissement","414000","asset_receivable","","True","Effets à l'encaissement"
"pcg_415","Effets remis à l'escompte","415000","asset_receivable","","True","Effets remis à l'escompte"
"pcg_416","Doubtful or contested customer accounts","416000","asset_current","","True","Clients douteux"
"pcg_417","Créances sur travaux non encore facturables","417000","asset_current","","True","Créances sur travaux non encore facturables"
"pcg_4181","Customers - Invoices to be made out","418100","asset_current","","True","Clients factures à établir"
"pcg_4182","Clients intérêts courus","418200","asset_current","","True","Clients intérêts courus"
"pcg_4191","Customers - Payments on account received on orders","419100","liability_current","","True","Clients et avances reçus sur commandes"
"pcg_4196","Customers - Debts payable for returnable packaging and equipment","419600","liability_current","","True","Clients dettes sur emballages et matériels consignés"
"pcg_4197","Customers - Other credits","419700","liability_current","","True","Clients autres avoirs"
"pcg_4198","Sales rebates, discounts, allowances and other credits not yet issued","419800","liability_current","","True","Rabais, remises, ristournes à accorder et autres avoirs à établir"
"pcg_421","Personnel - Remuneration payable","421000","liability_current","","True","Personnel, rémunérations dues"
"pcg_422","Enterprise/establishment consultative committees","422000","liability_current","","True","Fonds sociaux – œuvres sociales"
"pcg_425","Personnel - Payments on account","425000","asset_current","","True","Personnel, avances et acomptes accordés"
"pcg_426","Personnel - Deposits","426000","liability_current","","True","Personnel, dépôts reçus"
"pcg_427","Personnel - Stoppages of payment","427000","liability_current","","True","Personnel, oppositions"
"pcg_4286","Personnel - Other accrued charges payable","428600","asset_current","","True","Personnel, Charges à payer"
"pcg_4287","Personnel - Accrued income receivable","428700","asset_current","","True","Personnel, Produits à recevoir"
"pcg_431","Social security","431000","liability_current","","True","Organismes sociaux A"
"pcg_432","Organismes sociaux B","432000","liability_current","","True","Organismes sociaux B"
"pcg_4382","Contributions for holiday pay","438200","asset_current","","True","Charges sociales sur congés à payer"
"pcg_4386","Other accrued charges payable","438600","asset_current","","True","Organismes sociaux : Charges à payer"
"pcg_4387","Accrued income receivable","438700","asset_current","","True","Organismes sociaux : Produits à recevoir"
"pcg_4411","State - Grants receivable - Investment grants","441100","asset_current","","True","Etat : Subventions d'investissement"
"pcg_4417","State - Grants receivable - Operating grants","441700","asset_current","","True","Etat : Subventions d'exploitation"
"pcg_442","Etat, impôts et taxes recouvrables sur des tiers","442000","liability_current","","True","Etat, impôts et taxes recouvrables sur des tiers"
"pcg_443","Opérations particulières avec l'Etat et autres organismes publiques","443000","asset_current","","True","Opérations particulières avec l'Etat et autres organismes publiques"
"pcg_444","State - Income tax","444000","liability_current","","True","Etat, impôts sur les résultats"
"pcg_4454","Crédits de taxes","445400","liability_current","","False","Crédits de taxes"
"pcg_4455","TVA à décaisser","445500","liability_current","","True","TVA à décaisser"
"pcg_44560","TVA déductibles sur achats de biens","445600","liability_current","","False","TVA déductibles sur achats de biens"
"pcg_44561","TVA déductibles sur Importations","445610","liability_current","","False","TVA déductibles sur Importations"
"pcg_44562","Deductible VAT on fixed assets","445620","liability_current","","False","TVA déductibles sur achats d'immobilisations"
"pcg_44563","Input VAT transferred by other businesses","445630","liability_current","","True","TVA déductibles sur services exterieurs"
"pcg_44570","TVA collectées sur chiffre d'affaire","445700","liability_current","","True","TVA collectées sur chiffre d'affaire"
"pcg_44571","VAT collected","445710","liability_current","","True","TVA collectées sur productions immobilisées"
"pcg_44572","TVA collectees diverses","445720","liability_current","","True","TVA collectees diverses"
"pcg_4458","Turnover taxes to be regularised or pending","445800","liability_current","","True","Etat, TVA à régulariser"
"pcg_446","Guaranteed bonds","446000","liability_current","","True","IRSA à verser"
"pcg_447","Other taxes, levies and similar payments","447000","liability_current","","True","Autres impôts, taxes et versements assimilés"
"pcg_4486","State - Accrued charges payable","448600","asset_current","","True","Etat : Charges à payer"
"pcg_4487","State - Accrued income receivable","448700","asset_current","","True","Etat : Produits à recevoir"
"pcg_451","Group","451000","liability_current","","True","Opérations Groupe"
"pcg_4551","Partners/associates - Current accounts - Principal","455100","liability_current","","True","Associés - Comptes courants : Principal"
"pcg_4558","Partners/associates - Current accounts - Accrued interest","455800","liability_current","","True","Associés - Comptes courants : Intérêts courus"
"pcg_45611","Partners/associates - Capital transactions - Contributions in kind","456110","asset_current","","True","Associés - compte d'apport en société : Apport en nature"
"pcg_45615","Partners/associates - Capital transactions - Contributions in money","456150","asset_current","","True","Associés - compte d'apport en société : Apport en numéraire"
"pcg_45619","Associés, compte d'apport en réalisation","456190","asset_current","","True","Associés, compte d'apport en réalisation"
"pcg_45621","Shareholders - Subscribed capital calledup, unpaid","456210","asset_current","","True","Actionnaires Capital souscrit et appelé, non versé"
"pcg_45625","Partners/associates - Capital called up, unpaid","456250","asset_current","","True","Associés Capital appelé, non versé"
"pcg_4563","Partners/associates - Payments received for capital increase","456300","asset_current","","True","Associés Versements reçus sur augmentation de capital"
"pcg_4564","Partners/associates - Advance payments","456400","asset_current","","True","Associés Versements anticipés"
"pcg_4566","Defaulting shareholders","456600","asset_current","","True","Actionnaires défaillants"
"pcg_4567","Partners/associates - Capital to be reimbursed","456700","asset_current","","True","Associés Capital à rembourser"
"pcg_457","Partners/associates - Dividends payable","457000","liability_current","","True","Associés, dividendes à payer"
"pcg_4581","Partners/associates - Joint and Economic Interest Group transaction - Current transactions","458100","asset_current","","True","Associés, Opérations en commun courantes"
"pcg_4588","Partners/associates - Joint and Economic Interest Group transaction - Accrued interest","458800","asset_current","","True","Associés, Intérêts courus"
"pcg_462","Debts receivable on realisation of fixed assets","462000","asset_current","","True","Créances sur cessions d'immobilisations"
"pcg_464","Debts payable on purchases of short-term investment securities","464000","liability_current","","True","Dettes sur acquisitions de valeurs mobilières de placement"
"pcg_465","Debts receivable on realisation of short-term investment securities","465000","asset_current","","True","Créances sur cessions de valeurs mobilières de placement"
"pcg_467","Other debtors or creditors","467000","liability_current","","False","Autres comptes débiteurs ou créditeurs"
"pcg_4686","Accrued charges payable","468600","asset_current","","True","Charges à payer"
"pcg_4687","Accrued income receivable","468700","asset_current","","True","Produits à recevoir"
"pcg_47","Comptes transitoires ou d'attente","470000","liability_current","","True","Comptes transitoires ou d'attente"
"pcg_481","Provisions - passifs courants","481000","asset_current","","True","Provisions - passifs courants"
"pcg_486","Prepayments","486000","asset_current","","True","Charges constatées d'avance"
"pcg_487","Deferred income","487000","liability_current","","True","Produits constatés d'avance"
"pcg_491","Provisions for impairment of trade receivables","491000","asset_current","","True","Pertes de valeur sur comptes de clients"
"pcg_495","Pertes de valeur sur comptes du groupe et des associés","495000","asset_current","","True","Pertes de valeur sur comptes du groupe et des associés"
"pcg_496","Pertes de valeur sur comptes de débiteurs divers","496000","asset_current","","True","Pertes de valeur sur comptes de débiteurs divers"
"pcg_501","Marketable securities - Shares in affiliated companies","501000","asset_cash","","False","Part dans des entreprises liées"
"pcg_502","Marketable securities - Own shares","502000","asset_cash","","False","Prêts à court terme"
"pcg_503","Actions","503000","asset_cash","","False","Actions"
"pcg_504","Marketable securities - Other securities conferring a right of ownership","504000","asset_cash","","False","Autres titres conférant un droit de propriété"
"pcg_505","Bonds and notes issued by the company and redeemed by it","505000","asset_cash","","False","Obligations et bons émis par la société et rachetés par elle"
"pcg_506","Obligations","506000","asset_cash","","False","Obligations"
"pcg_507","Treasury bills and short-term notes","507000","asset_cash","","False","Bons du trésor et bons de caisse à court terme"
"pcg_508","Autres valeurs mobilières de placement et créances assimilés","508000","asset_cash","","False","Autres valeurs mobilières de placement et créances assimilés"
"pcg_5088","Accrued interest on bonds, warrants and similar securities","508800","asset_cash","","False","Intérêts courus sur obligations, bons et valeurs assimilés"
"pcg_509","Unpaid instalments on unpaid short-term investment securities","509000","asset_cash","","False","Versements restant à effectuer sur VMP non libérées"
"pcg_5112","Cheques for collection","511200","asset_cash","","False","Chèques à encaisser"
"pcg_515","Treasury and public agency accounts","515000","asset_cash","","False","Caisse du Trésor Public et établissements publics"
"pcg_516","Stockbrokers","516000","asset_cash","","False","Emprunts à court terme"
"pcg_5171","Centre Chèques Postaux","517100","asset_cash","","False","Centre Chèques Postaux"
"pcg_5181","Accrued interest payable","518100","asset_cash","","False","Intérêts courus à payer"
"pcg_5188","Accrued interest receivable","518800","asset_cash","","False","Intérêts courus à recevoir"
"pcg_519","Concours bancaires courants","519000","asset_cash","","False","Concours bancaires courants"
"pcg_5198","Current bank advances - Accrued interest on current bank advances","519800","asset_cash","","False","Intérêts courus"
"pcg_52","Short-term financial instruments","520000","asset_cash","","False","Instruments de trésorerie"
"pcg_54","Expenditure authorisations and letters of credit","540000","asset_cash","","False","Régies d'avances et accréditifs"
"pcg_588","Autres virements internes","588000","asset_cash","","False","Autres virements internes"
"pcg_591","Pertes de valeur sur valeurs en banque et Ets financiers","591000","asset_cash","","False","Pertes de valeur sur valeurs en banque et Ets financiers"
"pcg_594","Pertes de valeur sur régies d'avances et accréditifs","594000","asset_cash","","False","Pertes de valeur sur régies d'avances et accréditifs"
"pcg_601","Matières premières ","601000","expense","account.account_tag_operating","False","Matières premières "
"pcg_6021","Matières consommables","602100","expense","account.account_tag_operating","False","Matières consommables"
"pcg_60221","Inventory item purchases - Fuels","602210","expense","account.account_tag_operating","False","Combustibles"
"pcg_60222","Inventory item purchases - Maintenance products","602220","expense","account.account_tag_operating","False","Produits d'entretiens"
"pcg_60223","Inventory item purchases - Workshop and factory supplies","602230","expense","account.account_tag_operating","False","Fournitures d'atelier et d'usine"
"pcg_60224","Inventory item purchases - Store supplies","602240","expense","account.account_tag_operating","False","Fournitures de magasin"
"pcg_60225","Inventory item purchases - Office supplies","602250","expense","account.account_tag_operating","False","Fournitures de bureau"
"pcg_60261","Inventory item purchases - Non-returnable packaging","602610","expense","account.account_tag_operating","False","Emballages perdus"
"pcg_60265","Inventory item purchases - Unidentifiable recoverable packaging","602650","expense","account.account_tag_operating","False","Emballages récupérables"
"pcg_6031","Change in stocks of raw materials (and supplies)","603100","expense","","False","Variation des stocks de matières premières et fournitures"
"pcg_6032","Change in stocks of other supplies","603200","expense","","False","Variation des stocks des autres approvisionnements"
"pcg_6037","Change in inventories of goods","603700","expense","","False","Variation des stocks de marchandises"
"pcg_604","Purchases of project studies and services","604000","expense","account.account_tag_operating","False","Achats d'études et de prestations de service"
"pcg_605","Purchases of equipment, facilities and works","605000","expense","account.account_tag_operating","False","Achats de matériels, équipements et travaux"
"pcg_6061","Non-inventoriable supplies (eg. water, energy)","606100","expense","account.account_tag_operating","False","Eau et électricité"
"pcg_6062","Carburants, gaz, lubrifiants","606200","expense","account.account_tag_operating","False","Carburants, gaz, lubrifiants"
"pcg_6063","Maintenance and minor equipment supplies","606300","expense","account.account_tag_operating","False","Fournitures d'entretien et de petit équipement"
"pcg_6064","Administrative supplies","606400","expense","account.account_tag_operating","False","Fournitures administratives"
"pcg_6068","Other materials and supplies","606800","expense","account.account_tag_operating","False","Autres matières et fournitures"
"pcg_607","Achats de marchandises ","607000","expense","account.account_tag_operating","False","Achats de marchandises "
"pcg_608","Incidental costs included in purchases","608000","expense","account.account_tag_operating","False","Frais accessoires d'achat"
"pcg_6091","Discounts, rebates and discounts - Inventory item purchases - Raw materials (and supplies)","609100","expense","account.account_tag_operating","False","RRRO sur achats : Matières premières et fournitures"
"pcg_6092","Discounts, rebates and discounts - Inventory item purchases - Other inventory item consumables","609200","expense","account.account_tag_operating","False","RRRO sur achats : Autres approvisionnements stockés"
"pcg_6094","Discounts, rebates and discounts - Inventory item purchases - Project studies and services supplied","609400","expense","account.account_tag_operating","False","RRRO sur achats : Etudes et prestations de services"
"pcg_6095","Discounts, rebates and discounts - Inventory item purchases - Equipment, facilities and works","609500","expense","account.account_tag_operating","False","RRRO sur achats : Matériel, équipement et travaux"
"pcg_6096","Discounts, rebates and discounts - Inventory item purchases - Non-inventory consumables","609600","expense","account.account_tag_operating","False","RRRO sur achats : Approvisionnements stockés"
"pcg_6097","Discounts, rebates and discounts - Inventory item purchases - Goods for resale","609700","expense","account.account_tag_operating","False","RRRO sur achats : Marchandises"
"pcg_611","General subcontracting","611000","expense","account.account_tag_operating","False","Sous-traitance générale"
"pcg_6132","Real property rental","613200","expense","account.account_tag_operating","False","Locations immobilières"
"pcg_6135","Movable property rental","613500","expense","account.account_tag_operating","False","Locations mobilières"
"pcg_6136","Surcharges on packaging","613600","expense","account.account_tag_operating","False","Malis sur emballages"
"pcg_614","Rental and joint ownership property costs","614000","expense","account.account_tag_operating","False","Charges locatives et charges de copropriété"
"pcg_615","Entretien, réparations et maintenance","615000","expense","account.account_tag_operating","False","Entretien, réparations et maintenance"
"pcg_616","Primes d'assurances","616000","expense","account.account_tag_operating","False","Primes d'assurances"
"pcg_617","Project studies, surveys, assessments","617000","expense","account.account_tag_operating","False","Etudes et recherches"
"pcg_6181","General documentation","618100","expense","account.account_tag_operating","False","Documentation générale"
"pcg_6182","Documentation technique","618200","expense","account.account_tag_operating","False","Documentation technique"
"pcg_6183","Technical documentation","618300","expense","account.account_tag_operating","False","Frais de colloques, séminaires, conférences"
"pcg_619","Purchase rebates, discounts, allowances on external services","619000","expense","account.account_tag_operating","False","Rabais, remises, ristournes obtenus sur services extérieurs"
"pcg_621","Personnel extérieur à l'entreprise","621000","expense","account.account_tag_operating","False","Personnel extérieur à l'entreprise"
"pcg_6221","Purchase commission and brokerage","622100","expense","account.account_tag_operating","False","Commissions et courtages sur achats"
"pcg_6222","Sales commission and brokerage","622200","expense","account.account_tag_operating","False","Commissions et courtages sur ventes"
"pcg_6224","Payments to forwarding agents","622400","expense","account.account_tag_operating","False","Rémunérations des transitaires"
"pcg_6225","Payments for factoring","622500","expense","account.account_tag_operating","False","Rémunérations d'affacturages"
"pcg_6226","Fees","622600","expense","account.account_tag_operating","False","Honoraires"
"pcg_6227","Legal and litigation fees","622700","expense","account.account_tag_operating","False","Frais d'actes et de contentieux"
"pcg_6228","Remuneration of intermediaries and fees - Sundry","622800","expense","account.account_tag_operating","False","Divers"
"pcg_6231","Announcements and advertisements","623100","expense","account.account_tag_operating","False","Annonces et insertions"
"pcg_6232","Samples","623200","expense","account.account_tag_operating","False","Echantillons"
"pcg_6233","Fairs and exhibitions","623300","expense","account.account_tag_operating","False","Foires et expositions"
"pcg_6234","Gifts to customers","623400","expense","account.account_tag_operating","False","Cadeaux à la clientèle"
"pcg_6235","Premiums","623500","expense","account.account_tag_operating","False","Primes"
"pcg_6236","Catalogues and printed material","623600","expense","account.account_tag_operating","False","Catalogues et imprimés"
"pcg_6237","Publications","623700","expense","account.account_tag_operating","False","Publications"
"pcg_6238","Advertising, publications, public relations - Sundry (eg. tips, standard donations)","623800","expense","account.account_tag_operating","False","Divers"
"pcg_6241","Transport on purchases","624100","expense","account.account_tag_operating","False","Transports sur achats"
"pcg_6242","Transport on sales","624200","expense","account.account_tag_operating","False","Transports sur ventes"
"pcg_6243","Transport between establishments or work sites","624300","expense","account.account_tag_operating","False","Transports entre établissements ou chantiers"
"pcg_6244","Administrative transport","624400","expense","account.account_tag_operating","False","Transports administratifs"
"pcg_6247","Collective staff transport","624700","expense","account.account_tag_operating","False","Transports collectifs du personnel"
"pcg_6248","Various transport","624800","expense","account.account_tag_operating","False","Divers"
"pcg_6251","Travels and journeys","625100","expense","account.account_tag_operating","False","Voyages et déplacements"
"pcg_6255","Relocation costs","625500","expense","account.account_tag_operating","False","Frais de déménagements"
"pcg_6256","Missions","625600","expense","account.account_tag_operating","False","Missions"
"pcg_6257","Receptions","625700","expense","account.account_tag_operating","False","Réceptions"
"pcg_6261","Affranchissement","626100","expense","account.account_tag_operating","False","Affranchissement"
"pcg_6262","Redevances téléphoniques et télégrammes","626200","expense","account.account_tag_operating","False","Redevances téléphoniques et télégrammes"
"pcg_6271","Securities costs (purchase, sale, safe custody)","627100","expense","account.account_tag_operating","False","Services bancaires et asssimilés : Frais sur titres"
"pcg_6272","Commissions and loan issue costs","627200","expense","account.account_tag_operating","False","Services bancaires et asssimilés : Commissions et frais sur émission d'emprunts"
"pcg_6275","Charges on bills","627500","expense","account.account_tag_operating","False","Services bancaires et asssimilés : Frais sur effets"
"pcg_6276","Rental of safes","627600","expense","account.account_tag_operating","False","Services bancaires et asssimilés : Location de coffres"
"pcg_6278","Other expenses and commissions on services supplied","627800","expense","account.account_tag_operating","False","Services bancaires et asssimilés : Autres frais et commissions sur prestations de services"
"pcg_628","Cotisations et divers","628000","expense","account.account_tag_operating","False","Cotisations et divers"
"pcg_629","Purchase rebates, discounts, allowances on other external services","629000","expense","account.account_tag_operating","False","Rabais, remises, ristournes obtenus sur autres services extérieurs"
"pcg_631","Impôts, taxes et versements assimilés sur rémunérations","631000","expense","account.account_tag_operating","False","Impôts, taxes et versements assimilés sur rémunérations"
"pcg_635","Autres impôts et taxes","635000","expense","account.account_tag_operating","False","Autres impôts et taxes"
"pcg_6411","Salaries, emoluments","641100","expense","account.account_tag_operating","False","Salaires, appointements"
"pcg_6412","Holiday pay","641200","expense","account.account_tag_operating","False","Congés payés"
"pcg_6413","Premiums and bonuses","641300","expense","account.account_tag_operating","False","Primes et gratifications"
"pcg_6414","Allowances and sundry benefits","641400","expense","account.account_tag_operating","False","Indemnités et avantages divers"
"pcg_6415","Family income supplement","641500","expense","account.account_tag_operating","False","Supplément familial"
"pcg_644","Owner remuneration","644000","expense","account.account_tag_operating","False","Rémunérations des dirigeants"
"pcg_645","Cotisations aux organismes sociaux","645000","expense","account.account_tag_operating","False","Cotisations aux organismes sociaux"
"pcg_646","Owner social security contributions","646000","expense","account.account_tag_operating","False","Charges sociales sur rémunérations des dirigeants"
"pcg_647","Autres charges sociales","647000","expense","account.account_tag_operating","False","Autres charges sociales"
"pcg_648","Other personnel costs","648000","expense","account.account_tag_operating","False","Autres charges de personnel"
"pcg_651","Redevances pour concessions, brevets, licences, logiciels et valeurs similaires","651000","expense","account.account_tag_operating","False","Redevances pour concessions, brevets, licences, logiciels et valeurs similaires"
"pcg_652","Moins values sur cessions d’actifs non courants","652000","expense","account.account_tag_operating","False","Moins values sur cessions d’actifs non courants"
"pcg_653","Directors fees","653000","expense","account.account_tag_operating","False","Jetons de présence"
"pcg_654","Pertes sur créances irrécouvrables","654000","expense","account.account_tag_operating","False","Pertes sur créances irrécouvrables"
"pcg_655","Quote-part de résultat sur opérations faites en commun","655000","expense","account.account_tag_operating","False","Quote-part de résultat sur opérations faites en commun"
"pcg_656","Amendes et pénalités, subventions accordées, dons et libéralités","656000","expense","account.account_tag_operating","False","Amendes et pénalités, subventions accordées, dons et libéralités"
"pcg_657","Charges exceptionnelles de gestion courante","657000","expense","account.account_tag_operating","False","Charges exceptionnelles de gestion courante"
"pcg_658","Sundry current operating charges","658000","expense","account.account_tag_operating","False","Autres charges de gestion courante"
"pcg_6611","Intérêts des emprunts et dettes","661100","expense","account.account_tag_financing","False","Intérêts des emprunts et dettes"
"pcg_6615","Current account and credit deposit interest","661500","expense","account.account_tag_financing","False","Intérêts des comptes courants et des dépôts créditeurs"
"pcg_6616","Bank and financing transaction interest (eg. discounting)","661600","expense","account.account_tag_financing","False","Intérêts bancaires et sur opérations de financement"
"pcg_6618","Intérêts des autres dettes","661800","expense","account.account_tag_financing","False","Intérêts des autres dettes"
"pcg_664","Losses on debts receivable related to participating interests","664000","expense","account.account_tag_financing","False","Pertes sur créances liées a des participations"
"pcg_665","Discounts allowed","665000","expense","account.account_tag_financing","False","Moins-values sur titres de placement"
"pcg_666","Exchange losses","666000","expense","account.account_tag_financing","False","Pertes de change"
"pcg_667","Net charges on realisation of short-term investment securities","667000","expense","account.account_tag_financing","False","Moins-values sur instruments financiers et assimilés"
"pcg_668","Other financial charges","668000","expense","account.account_tag_financing","False","Autres charges financières"
"pcg_67","ELEMENTS EXTRAORDINAIRES (CHARGES)","670000","expense","account.account_tag_investing","False","ELEMENTS EXTRAORDINAIRES (CHARGES)"
"pcg_6811","Appropriations to depreciation on intangible and tangible fixed assets","681100","expense","account.account_tag_operating","False","Dotations aux amortissements sur immobilisations incorporelles et corporelles"
"pcg_6815","Appropriations to provisions for operating liabilities and charges","681500","expense","account.account_tag_operating","False","Dotations aux provisiones et charges"
"pcg_6816","Dotations aux pertes de valeur des immobilisations incorporelles et corporelles","681600","expense","account.account_tag_operating","False","Dotations aux pertes de valeur des immobilisations incorporelles et corporelles"
"pcg_685","Dotations  - actifs courants","685000","expense","account.account_tag_operating","False","Dotations  - actifs courants"
"pcg_692","Imposition différée actif","692000","expense","account.account_tag_operating","False","Imposition différée actif"
"pcg_693","Imposition différée passif","693000","expense","account.account_tag_operating","False","Imposition différée passif"
"pcg_695","Impôts sur les bénéfices basés sur le résultat des activités ordinaires","695000","expense","account.account_tag_operating","False","Impôts sur les bénéfices basés sur le résultat des activités ordinaires"
"pcg_698","Autres impôts sur les résultats","698000","expense","account.account_tag_operating","False","Autres impôts sur les résultats"
"pcg_701","Ventes de produits finis","701000","income","account.account_tag_operating","False","Ventes de produits finis"
"pcg_7012","Finished products (or group) B","701200","income","account.account_tag_operating","False","Ventes de produits finis à l'export"
"pcg_702","Sales of semi-finished products","702000","income","account.account_tag_operating","False","Ventes de produits intermédiaires"
"pcg_703","Sales of residual products","703000","income","account.account_tag_operating","False","Ventes de produits résiduels"
"pcg_704","Vente de travaux","704000","income","account.account_tag_operating","False","Vente de travaux"
"pcg_705","Project studies","705000","income","account.account_tag_operating","False","Vente d'études"
"pcg_706","Services supplied","706000","income","account.account_tag_operating","False","Vente de prestations de service"
"pcg_707","Ventes de marchandises","707000","income","account.account_tag_operating","False","Ventes de marchandises"
"pcg_7082","Commission and brokerage","708200","income","account.account_tag_operating","False","Commissions et courtages"
"pcg_7083","Sundry rentals","708300","income","account.account_tag_operating","False","Locations diverses"
"pcg_7084","Personnel charged out","708400","income","account.account_tag_operating","False","Frais accessoires refacturés"
"pcg_7086","Surplus on recovery of returnable packaging","708600","income","account.account_tag_operating","False","Bonis sur reprises d'emballages consignés"
"pcg_7088","Other income from ancillary activities (eg. disposal of consumables)","708800","income","account.account_tag_operating","False","Autres produits des activités annexes"
"pcg_7091","Sales of finished products","709100","income","account.account_tag_operating","False","RRRA : Ventes de produits finis"
"pcg_7092","Sales of semi-finished products","709200","income","account.account_tag_operating","False","RRRA : Ventes de produits intermédiaires"
"pcg_7094","Sales rebates, discounts, allowances granted by the entity on work","709400","income","account.account_tag_operating","False","RRRA : Travaux"
"pcg_7095","Sales rebates, discounts, allowances granted by the entity on Project studies","709500","income","account.account_tag_operating","False","RRRA : Etudes"
"pcg_7096","Sales rebates, discounts, allowances granted by the entity on Services supplied","709600","income","account.account_tag_operating","False","RRRA : Prestations de services"
"pcg_7097","Sales rebates, discounts, allowances granted by the entity on Sales of goods for resale","709700","income","account.account_tag_operating","False","RRRA : Ventes de marchandises"
"pcg_7098","Sales rebates, discounts, allowances granted by the entity on Income from ancillary activities","709800","income","account.account_tag_operating","False","RRRA : Produits des activités annexes"
"pcg_7133","Variation des en-cours de productions des biens","713300","income","","False","Variation des en-cours de productions des biens"
"pcg_7135","Variation des en-cours de productions de services","713500","income","","False","Variation des en-cours de productions de services"
"pcg_714","Variation de stocks de produits","714000","income","","False","Variation de stocks de produits"
"pcg_721","Own work capitalised - Intangible fixed assets","721000","income","account.account_tag_investing","False","Production immobilisée d'actif incorporel"
"pcg_722","Own work capitalised - Tangible fixed assets","722000","income","account.account_tag_investing","False","Production immobilisée d'actif corporel"
"pcg_741","Subvention d'équilibre","741000","income","account.account_tag_operating","False","Subvention d'équilibre"
"pcg_748","Autres subventions d'exploitation","748000","income","account.account_tag_operating","False","Autres subventions d'exploitation"
"pcg_751","Redevances pour concessions, brevets, licences, logiciels et valeurs similaires","751000","income","account.account_tag_operating","False","Redevances pour concessions, brevets, licences, logiciels et valeurs similaires"
"pcg_752","Revenues from buildings not allocated to professional activities","752000","income","account.account_tag_operating","False","Plus-values sur cessions d’actifs non courants"
"pcg_753","Directors fees and remuneration (eg. administrators, managers)","753000","income","account.account_tag_operating","False","Jetons de présence et rémunérations d'administrateurs ou de gérant"
"pcg_754","Rebates from cooperatives (resulting from surpluses)","754000","income","account.account_tag_operating","False","Quotes-parts de subventions d’investissement virées au résultat de l’exercice"
"pcg_755","Quote-part de résultat sur opérations faites en commun","755000","income","account.account_tag_operating","False","Quote-part de résultat sur opérations faites en commun"
"pcg_756","Libéralités perçues, rentrées sur créances amorties","756000","income","account.account_tag_operating","False","Libéralités perçues, rentrées sur créances amorties"
"pcg_757","Produits exceptionnels sur opérations de gestion","757000","income","account.account_tag_operating","False","Produits exceptionnels sur opérations de gestion"
"pcg_758","Sundry current operating income","758000","income","account.account_tag_operating","False","Autres produits de gestion courante"
"pcg_7611","Income from long-term equity interests","761100","income","account.account_tag_financing","False","Revenus des titres de participation"
"pcg_7616","Income from other forms of participating interests","761600","income","account.account_tag_financing","False","Revenus sur les autres formes de participation"
"pcg_7617","Income from debts receivable related to participating interests","761700","income","account.account_tag_financing","False","Revenus des créances rattachées à des participation"
"pcg_7621","Income from long-term investment securities","762100","income","account.account_tag_financing","False","Revenus des titres immobilisés"
"pcg_7626","Income from loans","762600","income","account.account_tag_financing","False","Revenus des prêts"
"pcg_7627","Income from capitalised debts receivable","762700","income","account.account_tag_financing","False","Revenus des créances immobilisées"
"pcg_763","Revenus des autres créances","763000","income","account.account_tag_financing","False","Revenus des autres créances"
"pcg_764","Income from short-term investment securities","764000","income","account.account_tag_financing","False","Revenus et plus values des valeurs mobilières de placement"
"pcg_766","Exchange gains","766000","income","account.account_tag_financing","False","Gains de change"
"pcg_767","Net income on realisation of short-term investment securities","767000","income","account.account_tag_financing","False","Produits nets sur cessions de valeurs mobilières de placement"
"pcg_768","Other financial income","768000","income","account.account_tag_financing","False","Autres produits financiers"
"pcg_77","ELEMENTS EXTRAORDINAIRES (PRODUITS)","770000","income","account.account_tag_investing","False","ELEMENTS EXTRAORDINAIRES (PRODUITS)"
"pcg_7811","Depreciation of intangible and tangible fixed assets written back","781100","income","account.account_tag_operating","False","Reprises sur amortissements des immobilisations"
"pcg_7815","Provisions for operating liabilities and charges written back","781500","income","account.account_tag_operating","False","Reprises sur provisions pour charges"
"pcg_7816","Provisions for diminution in value of intangible and tangible fixed assets written back","781600","income","account.account_tag_investing","False","Reprises sur pertes de valeur des immobilisations incorporelles et corporelles"
"pcg_785","Reprise d'exploitation  - actifs courants","785000","income","account.account_tag_investing","False","Reprise d'exploitation  - actifs courants"
"pcg_786","Reprises financières ","786000","income","account.account_tag_financing","False","Reprises financières "
"pcg_581","Virements Internes","581000","asset_cash","account.account_tag_financing","True","Virements Internes"
